,no_of_adults,no_of_children,no_of_weekend_nights,no_of_week_nights,type_of_meal_plan,required_car_parking_space,room_type_reserved,lead_time,arrival_month,market_segment_type,repeated_guest,no_of_previous_cancellations,no_of_previous_bookings_not_canceled,avg_price_per_room,no_of_special_requests,target
0,2,0,2,1,0,0,5,18,10,1,0,0,0,145.0,0,0
1,2,0,0,3,1,0,4,54,10,1,0,0,0,139.5,3,0
2,2,0,1,2,0,0,1,99,9,1,0,0,0,125.1,0,1
3,1,0,1,2,1,0,4,56,11,1,0,0,0,209.0,2,0
4,1,0,1,1,1,0,1,10,7,2,0,0,0,137.7,0,0
5,2,0,0,2,2,0,1,377,10,1,0,0,0,115.0,1,1
6,2,0,0,3,1,0,1,57,6,1,0,0,0,117.9,0,1
7,2,0,1,3,1,0,1,65,5,1,0,0,0,119.85,1,0
8,2,0,1,1,2,0,1,301,7,0,0,0,0,115.0,1,1
9,2,0,1,3,1,0,1,9,11,1,0,0,0,120.0,1,0
10,2,0,2,3,1,0,1,192,9,1,0,0,0,19.15,0,1
11,1,0,0,2,1,0,1,52,11,1,0,0,0,90.0,0,1
12,2,0,2,2,1,0,1,72,2,0,0,0,0,60.0,0,0
13,3,0,1,3,1,0,4,111,8,1,0,0,0,137.7,0,1
14,2,0,2,3,1,0,1,62,11,0,0,0,0,75.0,0,0
15,2,0,0,1,1,0,1,4,8,1,0,0,0,121.6,0,1
16,2,0,2,2,0,0,1,18,1,1,0,0,0,65.0,0,0
17,1,0,0,2,1,0,1,99,2,2,0,0,0,81.0,0,0
18,2,0,0,3,1,0,1,37,10,0,0,0,0,105.0,0,0
19,2,0,1,2,1,0,4,36,2,1,0,0,0,61.75,1,0
20,1,0,0,2,1,0,1,192,6,0,0,0,0,95.0,0,0
21,3,0,2,3,1,0,4,23,10,0,0,0,0,105.0,1,0
22,2,0,2,4,0,0,1,217,8,1,0,0,0,80.75,1,0
23,2,0,0,2,1,0,1,43,7,1,0,0,0,117.9,0,1
24,1,0,1,2,1,0,1,5,9,1,0,0,0,78.03,0,0
25,2,0,2,0,1,0,1,13,2,0,0,0,0,87.0,0,0
26,1,0,0,2,2,0,1,265,6,0,0,0,0,87.0,0,0
27,2,0,1,2,0,0,1,244,12,1,0,0,0,80.7,0,1
28,1,0,1,0,1,0,1,12,5,2,0,0,0,93.0,0,0
29,2,0,2,2,1,0,1,99,10,0,0,0,0,65.0,0,1
30,2,2,0,2,1,0,6,92,7,1,0,0,0,177.3,0,1
31,2,0,0,4,0,0,1,84,7,1,0,0,0,94.5,0,1
32,2,0,2,5,1,0,1,14,2,0,0,0,0,43.43,0,0
33,3,0,1,2,1,0,4,27,4,1,0,0,0,177.0,0,1
34,2,1,0,2,1,0,1,7,11,4,0,0,0,0.0,2,0
35,2,0,2,3,1,0,4,19,4,1,0,0,0,131.6,0,1
36,2,0,0,2,0,0,1,5,2,1,0,0,0,81.0,1,0
37,2,0,2,0,1,0,1,74,9,0,0,0,0,102.68,0,0
38,2,0,0,4,1,0,1,256,8,1,0,0,0,90.95,0,1
39,1,0,1,3,0,0,1,6,11,1,0,0,0,49.59,0,0
40,1,0,0,4,1,0,4,92,6,1,0,0,0,132.6,2,0
41,2,0,2,1,1,0,1,19,12,0,0,0,0,58.0,0,0
42,2,2,0,1,1,0,6,36,12,1,0,0,0,206.0,0,0
43,2,0,1,4,1,0,5,54,3,1,0,0,0,95.36,0,0
44,2,0,0,1,1,0,1,5,8,1,0,0,0,130.0,1,0
45,2,0,0,1,1,0,1,1,9,1,0,0,0,105.0,0,0
46,1,0,0,3,1,0,1,1,3,0,0,0,0,75.0,0,0
47,2,0,0,2,0,0,1,19,2,1,0,0,0,81.0,2,0
48,2,0,2,5,1,0,4,10,4,1,0,0,0,128.86,0,1
49,2,0,2,1,0,0,1,240,12,1,0,0,0,67.5,2,1
50,1,0,0,1,1,0,1,13,2,1,0,0,0,85.0,0,0
51,1,0,0,1,0,0,1,0,10,1,0,0,0,84.7,1,1
52,2,0,2,2,1,0,1,77,5,1,0,0,0,126.9,1,0
53,2,0,0,1,0,0,1,182,10,1,0,0,0,98.1,0,1
54,3,0,2,3,1,0,4,127,7,1,0,0,0,141.3,0,0
55,2,0,1,2,1,0,1,224,10,0,0,0,0,65.0,0,0
56,2,0,0,3,2,0,1,7,2,0,0,0,0,116.0,1,0
57,2,0,2,4,1,0,1,261,10,1,0,0,0,93.78,1,0
58,2,0,2,0,2,0,1,386,10,0,0,0,0,115.0,1,1
59,1,0,0,2,1,0,1,30,9,1,0,0,0,85.5,2,0
60,2,0,0,2,1,0,4,110,9,1,0,0,0,149.4,0,1
61,2,0,1,0,1,0,1,15,9,1,0,0,0,99.0,0,1
62,0,2,2,3,1,0,2,185,8,1,0,0,0,84.82,0,1
63,2,0,0,3,1,0,1,204,5,0,0,0,0,100.0,0,1
64,1,0,0,2,2,0,1,273,7,0,0,0,0,87.0,0,0
65,2,0,0,3,1,0,4,19,8,1,0,0,0,156.0,2,0
66,2,2,2,3,1,0,6,178,10,1,0,0,0,162.9,2,1
67,2,0,1,1,0,0,1,268,10,1,0,0,0,95.4,0,1
68,2,0,1,2,0,0,1,175,9,1,0,0,0,104.1,0,1
69,2,0,1,2,2,0,1,309,5,1,0,0,0,101.0,0,1
70,2,0,2,1,0,0,1,18,10,1,0,0,0,120.0,1,1
71,2,0,0,3,0,0,1,54,11,1,0,0,0,57.93,1,0
72,2,0,2,2,1,0,1,30,8,1,0,0,0,111.83,1,0
73,2,0,2,5,2,0,4,115,9,1,0,0,0,141.84,0,0
74,1,0,1,3,1,0,1,113,5,1,0,0,0,89.25,0,1
75,2,0,0,3,1,0,5,34,9,1,0,0,0,152.8,0,0
76,2,0,0,2,1,0,4,55,6,1,0,0,0,113.4,2,0
77,2,0,0,3,1,0,1,22,10,0,0,0,0,95.0,0,0
78,2,0,1,2,1,0,4,91,6,0,0,0,0,90.95,0,1
79,2,2,2,0,1,1,6,112,8,1,0,0,0,198.9,1,0
80,1,0,0,1,1,0,1,4,12,1,0,0,0,97.0,2,0
81,2,0,2,2,2,0,4,64,4,1,0,0,0,144.5,0,0
82,2,0,0,3,1,0,1,43,12,0,0,0,0,118.0,0,0
83,1,0,0,2,1,0,1,188,6,1,0,0,0,130.0,0,1
84,2,0,2,2,1,0,1,0,9,1,0,0,0,126.0,3,0
85,2,0,2,3,1,0,1,46,5,0,0,0,0,86.5,0,0
86,2,0,0,1,0,0,1,77,5,1,0,0,0,116.1,1,0
87,2,0,0,2,2,0,1,39,8,0,0,0,0,101.5,0,0
88,2,0,0,2,1,0,1,59,11,1,0,0,0,93.6,0,1
89,1,0,1,1,2,0,1,301,7,0,0,0,0,90.0,0,0
90,2,0,2,2,1,0,4,56,9,1,0,0,0,120.38,1,0
91,2,0,2,3,1,0,1,172,10,0,0,0,0,80.75,0,0
92,1,0,0,1,1,0,1,0,3,2,0,0,0,79.0,0,0
93,2,0,0,2,1,1,4,88,9,1,0,0,0,158.4,1,0
94,2,0,0,1,1,0,1,41,12,0,0,0,0,65.0,1,0
95,2,0,2,5,1,0,5,57,4,1,0,0,0,105.25,0,0
96,2,0,0,4,1,0,1,4,10,1,0,0,0,145.0,2,0
97,2,1,0,1,1,0,1,91,10,1,0,0,0,121.5,2,1
98,1,0,0,1,1,0,1,7,2,1,0,0,0,66.22,1,0
99,1,0,0,2,1,0,1,32,11,0,0,0,0,73.0,0,0
100,2,0,1,2,0,0,1,34,3,1,0,0,0,80.1,1,1
101,2,1,1,2,1,0,4,111,8,0,0,0,0,94.78,0,0
102,2,0,2,2,0,0,1,149,8,1,0,0,0,85.5,0,1
103,2,0,0,1,1,1,1,9,9,1,0,0,0,168.0,3,0
104,2,0,0,1,1,0,1,0,6,1,0,0,0,73.07,0,0
105,2,0,1,3,1,0,1,85,10,0,0,0,0,85.0,1,0
106,1,0,0,1,1,0,1,12,11,2,1,0,1,65.0,1,0
107,1,0,0,3,1,0,4,52,5,1,0,0,0,140.4,0,0
108,2,0,0,2,1,0,4,78,3,0,0,0,0,69.7,0,0
109,1,0,1,0,1,0,1,16,12,2,1,5,54,65.0,2,0
110,2,0,1,1,2,0,1,301,7,0,0,0,0,115.0,1,1
111,2,0,1,2,0,0,1,53,12,1,0,0,0,79.2,1,0
112,2,0,1,2,1,0,1,19,5,1,0,0,0,130.0,0,0
113,1,0,0,1,1,0,1,6,3,2,0,0,0,79.0,0,0
114,2,0,1,1,0,0,1,28,12,1,0,0,0,88.0,1,0
115,2,0,0,2,1,0,1,68,9,0,0,0,0,65.0,0,0
116,2,0,1,3,0,0,1,1,8,1,0,0,0,96.0,0,0
117,2,0,1,5,1,0,1,27,12,0,0,0,0,48.33,0,0
118,3,0,2,1,1,0,4,86,10,1,0,0,0,151.2,2,0
119,1,0,1,2,1,0,1,3,8,1,0,0,0,117.33,0,0
120,2,1,0,1,1,0,1,17,7,1,0,0,0,129.0,2,0
121,2,0,0,2,2,0,4,80,10,0,0,0,0,136.0,0,0
122,2,0,0,2,1,0,1,1,8,1,0,0,0,106.0,3,0
123,2,0,1,2,1,0,4,18,7,1,0,0,0,166.0,0,1
124,2,0,2,2,1,0,1,75,9,0,0,0,0,80.75,0,0
125,2,0,0,1,1,0,1,64,9,0,0,0,0,85.0,0,0
126,2,2,2,1,1,0,6,88,9,1,0,0,0,207.9,1,1
127,2,0,4,6,1,0,1,207,8,0,0,0,0,72.25,0,0
128,2,0,0,2,1,0,1,263,10,0,0,0,0,110.0,0,1
129,2,0,0,1,0,1,1,11,2,1,0,0,0,90.0,0,0
130,1,0,1,1,1,0,5,11,7,0,0,0,0,181.0,0,0
131,1,0,1,0,0,0,1,28,9,1,0,0,0,104.0,1,0
132,2,0,2,5,1,0,1,210,8,1,0,0,0,67.42,1,0
133,2,0,0,1,0,0,1,86,4,1,0,0,0,85.5,1,0
134,2,0,0,1,1,0,1,1,4,1,0,0,0,101.0,1,0
135,2,0,0,2,1,0,1,18,1,1,0,0,0,73.95,0,0
136,3,0,0,1,1,0,6,129,10,1,0,0,0,146.92,0,1
137,2,0,2,2,1,0,1,2,5,0,0,0,0,81.75,0,0
138,2,0,0,3,0,0,1,1,12,1,0,0,0,78.0,1,0
139,3,0,0,1,1,0,4,60,3,1,0,0,0,123.3,1,1
140,2,0,2,1,2,0,1,138,8,0,0,0,0,94.5,0,1
141,2,0,0,2,0,1,1,62,4,1,0,0,0,103.5,0,0
142,2,0,0,2,0,0,1,0,4,1,0,0,0,75.42,0,0
143,2,0,2,1,1,0,1,80,12,0,0,0,0,75.0,0,0
144,2,0,0,1,0,0,1,22,6,1,0,0,0,129.0,0,1
145,3,0,0,2,1,0,4,93,7,1,0,0,0,137.7,2,0
146,1,0,1,4,1,0,1,36,12,1,0,0,0,88.4,2,0
147,2,0,0,1,1,0,1,125,12,1,0,0,0,72.25,1,0
148,2,0,1,2,1,0,1,19,12,1,0,0,0,104.0,2,0
149,2,0,0,2,0,0,1,31,2,1,0,0,0,67.5,0,1
150,2,0,1,1,0,0,1,72,5,1,0,0,0,116.1,1,0
151,2,0,0,2,2,0,1,377,10,0,0,0,0,115.0,1,1
152,2,1,1,1,1,0,1,1,2,1,0,0,0,120.0,0,0
153,2,0,0,2,2,0,1,265,6,0,0,0,0,115.0,1,1
154,2,0,0,5,1,0,1,63,10,1,0,0,0,72.25,3,0
155,2,0,0,1,2,0,1,55,4,0,0,0,0,104.0,0,0
156,1,0,2,0,0,0,1,4,9,1,0,0,0,118.58,1,0
157,2,0,1,3,1,0,4,17,12,1,0,0,0,125.8,1,0
158,2,0,2,2,1,0,1,24,12,1,0,0,0,95.2,1,0
159,1,0,0,1,1,0,1,1,10,0,0,0,0,99.0,0,0
160,2,0,2,2,1,0,4,56,11,0,0,0,0,60.0,0,0
161,2,0,0,1,1,0,1,0,1,0,0,0,0,72.0,0,0
162,3,0,1,2,1,0,4,99,5,1,0,0,0,159.3,0,1
163,2,0,1,3,0,0,1,263,12,1,0,0,0,63.75,0,1
164,1,0,2,3,1,0,1,269,12,0,0,0,0,70.0,0,0
165,3,0,2,3,1,0,4,1,12,1,0,0,0,128.52,0,0
166,1,0,0,1,1,0,1,84,9,2,0,0,0,65.0,0,0
167,1,0,2,7,1,0,4,28,2,1,0,0,0,101.78,0,1
168,2,0,0,2,2,0,1,292,7,0,0,0,0,115.0,0,1
169,3,0,2,1,1,0,4,61,11,0,0,0,0,90.0,0,0
170,2,0,2,4,2,0,4,67,9,1,0,0,0,183.6,2,0
171,1,0,1,3,1,0,4,137,7,1,0,0,0,134.3,0,1
172,1,0,0,3,1,0,4,11,6,2,0,0,0,90.0,0,0
173,2,0,0,1,0,0,1,139,7,1,0,0,0,85.5,0,1
174,2,0,1,0,1,0,1,3,10,1,1,1,0,126.0,0,0
175,2,0,2,2,1,0,4,33,3,1,0,0,0,97.4,1,0
176,2,0,0,1,2,0,1,83,9,0,0,0,0,112.2,0,0
177,2,0,0,1,1,0,1,1,1,2,0,0,0,77.0,0,0
178,2,0,0,1,1,0,1,83,9,0,0,0,0,112.8,0,0
179,2,0,0,3,1,0,1,16,2,1,0,0,0,65.52,0,0
180,1,0,0,1,1,0,1,14,10,0,0,0,0,100.0,0,0
181,1,0,0,1,1,0,1,2,9,0,0,0,0,75.0,0,0
182,2,0,0,3,1,0,1,276,9,0,0,0,0,116.33,0,1
183,2,0,0,3,1,0,4,92,7,1,0,0,0,121.8,0,1
184,1,0,1,2,1,0,1,42,4,1,0,0,0,112.5,1,0
185,2,0,1,2,1,0,4,102,4,1,0,0,0,96.3,0,0
186,1,0,0,3,1,0,1,19,10,0,1,1,0,80.0,0,0
187,2,0,0,1,0,0,1,38,6,1,0,0,0,89.1,1,0
188,2,0,2,3,1,0,1,11,10,1,0,0,0,119.7,1,0
189,2,0,2,1,2,0,1,103,7,1,0,0,0,94.5,0,1
190,2,0,0,3,1,0,1,163,9,0,0,0,0,110.0,0,1
191,2,0,2,2,1,0,1,50,10,1,0,0,0,126.0,2,0
192,1,0,1,0,1,0,1,3,4,2,1,0,4,65.0,0,0
193,3,0,1,2,1,0,4,283,12,1,0,0,0,110.7,2,0
194,2,0,1,2,1,0,1,305,11,0,0,0,0,89.0,0,1
195,1,0,0,2,1,0,1,32,11,0,0,0,0,73.0,0,0
196,2,0,0,2,2,0,1,39,8,0,0,0,0,109.0,0,0
197,2,1,2,5,1,0,1,156,7,0,0,0,0,94.91,1,0
198,2,0,2,1,1,0,1,2,2,0,0,0,0,82.0,0,0
199,2,0,1,2,1,0,1,73,7,1,0,0,0,76.5,0,1
200,1,0,0,3,1,0,1,143,8,0,0,0,0,90.0,0,0
201,2,0,0,3,1,0,4,91,10,1,0,0,0,132.3,2,1
202,2,0,1,2,1,0,1,84,5,0,0,0,0,75.0,0,0
203,2,0,0,3,2,0,1,34,9,0,0,0,0,224.67,0,1
204,2,0,2,3,1,0,1,75,4,1,0,0,0,82.45,0,1
205,2,0,0,2,1,0,1,28,11,0,0,0,0,85.6,1,0
206,2,0,1,2,1,0,1,2,10,0,0,0,0,65.0,0,0
207,2,0,0,3,0,0,1,85,6,1,0,0,0,103.5,0,1
208,3,0,0,2,1,0,4,16,7,1,0,0,0,162.0,1,1
209,1,0,1,1,1,0,1,0,11,2,1,0,2,65.0,0,0
210,1,0,0,1,1,0,1,17,10,0,0,0,0,95.0,0,0
211,2,0,0,1,0,0,1,13,9,2,0,0,0,100.0,1,1
212,2,0,0,1,0,0,1,47,3,1,0,0,0,71.1,1,0
213,2,0,2,4,1,0,1,85,6,1,0,0,0,108.3,1,0
214,2,0,1,2,1,0,1,199,11,0,0,0,0,68.0,1,0
215,2,0,0,2,2,0,1,265,6,0,0,0,0,115.0,1,1
216,1,0,1,2,0,0,1,14,11,1,0,0,0,88.0,1,0
217,2,0,0,1,0,0,1,63,11,1,0,0,0,79.2,0,1
218,1,0,0,2,1,0,1,103,4,0,0,0,0,115.0,0,1
219,2,0,0,1,1,0,1,249,9,1,0,0,0,117.9,2,1
220,2,0,1,4,1,0,4,108,8,1,0,0,0,127.8,2,0
221,2,0,1,2,0,0,1,9,12,1,0,0,0,78.0,0,0
222,2,0,0,2,0,0,1,27,1,1,0,0,0,77.0,1,0
223,1,0,1,3,1,0,1,191,6,0,0,0,0,95.0,0,0
224,3,0,1,3,1,0,4,64,3,1,0,0,0,115.6,2,0
225,2,0,0,2,1,0,4,30,3,1,0,0,0,116.3,1,0
226,2,0,1,2,0,0,1,28,12,1,0,0,0,88.0,1,0
227,2,0,2,2,1,0,4,71,10,1,0,0,0,101.87,0,1
228,2,0,0,2,2,0,1,74,9,0,0,0,0,101.5,0,0
229,2,0,1,2,1,0,1,121,6,0,0,0,0,90.0,0,1
230,2,0,0,3,1,0,1,279,10,0,0,0,0,110.0,0,1
231,2,0,2,1,1,0,1,54,10,0,0,0,0,95.0,1,0
232,3,0,1,2,1,0,4,163,12,1,0,0,0,122.4,2,0
233,2,0,1,2,1,0,4,94,11,1,0,0,0,65.45,2,0
234,2,0,1,2,1,0,1,418,9,0,0,0,0,75.0,0,1
235,2,0,0,1,0,0,1,37,10,0,0,0,0,76.5,1,0
236,2,0,1,0,0,0,1,284,12,1,0,0,0,67.5,0,1
237,1,0,0,3,1,0,1,151,1,0,0,0,0,71.0,0,0
238,2,0,0,1,0,0,1,32,11,1,0,0,0,88.0,0,1
239,2,0,2,2,0,0,1,42,12,1,0,0,0,74.8,1,0
240,2,0,1,1,1,0,1,61,7,1,0,0,0,105.3,0,1
241,2,0,1,3,1,0,1,28,9,1,0,0,0,116.25,1,0
242,2,0,0,3,1,0,1,314,10,0,0,0,0,75.0,0,1
243,1,0,0,1,1,0,1,8,9,1,0,0,0,139.0,0,0
244,2,0,1,2,0,0,1,30,11,1,0,0,0,87.27,0,0
245,3,0,0,2,1,0,1,239,10,1,0,0,0,128.7,1,1
246,1,0,0,1,2,0,1,219,9,0,0,0,0,84.0,0,0
247,1,0,0,2,1,0,1,181,10,0,0,0,0,120.0,0,1
248,2,0,1,3,1,0,1,62,4,1,0,0,0,109.68,1,0
249,2,0,1,1,1,0,1,57,5,1,0,0,0,126.9,2,0
250,1,0,0,2,1,0,1,14,10,0,0,0,0,100.0,0,0
251,1,0,2,2,1,0,1,204,10,0,0,0,0,61.38,0,0
252,2,0,2,3,1,0,1,22,3,1,0,0,0,137.0,0,1
253,3,0,2,2,1,0,5,3,12,1,0,0,0,110.5,1,0
254,2,0,1,0,1,0,1,286,10,1,0,0,0,90.0,0,1
255,2,0,0,3,1,0,1,105,10,0,0,0,0,75.0,0,0
256,2,0,2,2,1,0,1,98,10,1,0,0,0,85.05,1,0
257,3,0,0,3,1,0,1,28,11,0,0,0,0,51.6,1,0
258,3,0,2,1,1,0,1,209,8,1,0,0,0,127.8,2,1
259,1,0,0,1,1,0,1,22,12,2,0,0,0,65.0,0,0
260,2,0,1,4,1,0,1,141,7,1,0,0,0,107.95,0,0
261,1,0,0,2,1,0,1,41,10,1,0,0,0,123.5,0,0
262,2,0,0,1,0,0,1,8,9,1,0,0,0,119.0,0,0
263,2,0,1,4,1,0,1,13,10,1,0,0,0,126.0,1,0
264,2,0,1,0,0,0,1,1,1,1,0,0,0,90.0,0,0
265,1,0,1,0,1,0,1,0,5,0,0,0,0,115.0,1,0
266,2,2,0,1,1,0,6,76,8,1,0,0,0,207.9,0,1
267,2,0,1,2,0,0,1,27,8,1,0,0,0,139.0,1,1
268,2,0,0,4,1,0,1,36,12,1,0,0,0,168.73,0,0
269,2,0,0,5,1,0,1,17,11,1,0,0,0,90.95,1,0
270,1,0,0,3,1,0,1,55,12,1,0,0,0,86.4,2,0
271,2,0,0,2,2,0,1,292,7,0,0,0,0,115.0,0,1
272,2,0,0,3,1,0,2,87,12,1,0,0,0,95.7,1,0
273,1,0,0,3,1,0,1,71,6,0,0,0,0,120.0,0,0
274,1,0,0,1,0,0,1,0,8,1,0,0,0,81.0,0,0
275,3,0,0,3,1,0,4,109,6,1,0,0,0,129.59,2,0
276,1,0,0,1,1,0,1,14,10,0,0,0,0,100.0,0,0
277,1,0,1,1,1,0,1,85,12,1,0,0,0,98.0,0,0
278,2,0,2,4,1,0,1,115,6,1,0,0,0,119.85,1,0
279,1,0,1,3,1,0,1,88,11,1,0,0,0,167.4,1,0
280,3,0,2,2,1,0,4,47,7,1,0,0,0,114.48,2,0
281,2,0,0,2,1,0,1,59,5,1,0,0,0,126.9,0,1
282,2,0,2,5,1,0,1,110,6,1,0,0,0,119.85,4,0
283,2,1,2,0,0,0,1,91,8,1,0,0,0,107.1,1,0
284,2,0,2,5,0,0,1,152,8,1,0,0,0,91.93,0,1
285,1,0,1,0,1,0,1,13,11,2,0,0,0,65.0,0,0
286,2,0,0,2,1,0,4,85,1,0,0,0,0,66.6,0,0
287,2,0,0,3,0,0,1,57,11,1,0,0,0,79.2,2,0
288,1,0,0,3,1,0,1,37,10,0,0,0,0,95.0,0,0
289,2,0,0,1,1,0,1,105,4,0,0,0,0,75.0,0,1
290,2,0,0,2,2,0,1,102,10,0,0,0,0,109.0,0,0
291,2,0,2,3,1,0,4,34,11,0,0,0,0,60.0,0,0
292,3,0,1,2,1,0,4,6,4,1,0,0,0,157.0,0,0
293,2,0,1,4,1,0,4,18,3,1,0,0,0,116.8,1,0
294,3,0,0,3,1,1,4,4,7,1,0,0,0,177.0,1,0
295,3,0,0,3,2,0,1,88,5,0,0,0,0,138.0,1,0
296,1,0,1,0,0,0,1,0,7,1,0,0,0,92.86,0,0
297,2,0,1,2,1,0,1,78,3,0,0,0,0,100.0,0,1
298,1,0,0,1,1,0,1,53,10,0,0,0,0,120.0,0,0
299,2,0,1,5,2,0,4,30,8,1,0,0,0,179.25,1,0
300,1,0,1,0,1,0,4,61,12,0,0,0,0,78.2,0,0
301,2,0,1,1,0,0,1,48,4,1,0,0,0,94.5,0,1
302,2,0,0,3,1,0,1,71,9,1,0,0,0,135.9,0,1
303,1,0,0,2,1,0,1,4,12,1,0,0,0,75.08,1,0
304,2,0,0,4,1,0,1,61,7,1,0,0,0,76.5,1,1
305,2,0,1,2,0,0,1,47,11,1,0,0,0,79.2,1,1
306,2,0,0,3,1,0,4,21,3,1,0,0,0,73.03,1,0
307,2,0,0,4,1,0,1,35,8,1,0,0,0,109.8,1,1
308,2,0,2,2,1,0,1,230,9,1,0,0,0,119.85,1,1
309,2,0,1,2,0,0,1,213,8,1,0,0,0,94.5,1,0
310,2,0,0,2,2,0,1,30,9,0,0,0,0,121.0,0,0
311,1,0,2,4,1,0,1,245,7,0,0,0,0,110.0,0,1
312,1,0,1,2,1,0,1,123,4,1,0,0,0,93.9,0,1
313,1,0,1,2,1,0,5,7,8,1,0,0,0,147.73,0,0
314,3,0,1,0,1,1,4,4,8,1,0,0,0,184.0,0,0
315,1,0,0,2,1,0,4,56,12,1,0,0,0,79.0,1,0
316,1,0,1,0,1,0,1,25,9,1,0,0,0,108.0,2,0
317,1,0,0,3,1,0,1,14,9,1,0,0,0,114.0,1,0
318,2,0,0,1,0,0,1,183,10,1,0,0,0,98.1,0,1
319,2,0,1,3,2,0,1,210,10,0,0,0,0,86.0,0,1
320,2,2,1,2,1,0,2,4,2,1,0,0,0,85.03,1,0
321,2,0,0,3,1,0,4,64,9,1,0,0,0,149.4,2,0
322,1,0,0,1,1,1,1,14,11,2,1,0,9,88.0,1,0
323,2,0,0,1,0,0,1,1,2,1,0,0,0,91.0,1,0
324,2,1,0,3,1,0,1,56,12,1,0,0,0,109.8,1,0
325,2,0,0,2,1,0,1,54,5,1,0,0,0,126.9,1,0
326,3,0,2,2,1,0,4,94,12,1,0,0,0,119.0,1,0
327,1,0,0,1,1,1,1,4,3,2,1,0,2,67.0,0,0
328,2,0,1,3,1,0,1,217,9,0,0,0,0,80.75,1,0
329,2,1,1,2,1,0,1,81,10,1,0,0,0,135.0,0,1
330,2,0,2,4,0,0,1,71,11,1,0,0,0,120.15,2,0
331,2,0,0,2,1,0,1,177,6,0,0,0,0,100.0,0,1
332,2,0,1,2,1,0,1,418,9,0,0,0,0,75.0,0,1
333,1,0,1,1,1,0,4,26,12,1,0,0,0,87.78,1,0
334,2,2,1,2,0,1,6,4,8,1,0,0,0,162.0,3,0
335,2,0,0,1,1,0,1,2,3,1,0,0,0,101.0,2,0
336,2,0,1,3,2,0,1,21,12,1,0,0,0,122.19,1,0
337,2,0,2,2,1,0,1,45,6,1,0,0,0,79.33,1,0
338,2,0,2,5,1,0,4,70,1,0,0,0,0,52.0,0,0
339,1,0,2,4,1,0,1,69,6,0,0,0,0,120.0,0,1
340,2,0,2,3,1,1,4,45,5,1,0,0,0,149.4,0,0
341,2,0,0,2,0,0,1,36,7,1,0,0,0,107.1,1,0
342,2,0,2,2,0,1,1,12,3,0,0,0,0,71.8,0,0
343,2,0,0,3,1,0,1,200,8,1,0,0,0,72.25,1,1
344,2,0,2,1,1,0,4,31,4,0,0,0,0,87.04,0,0
345,2,0,2,5,1,0,4,93,9,1,0,0,0,159.17,1,1
346,2,0,2,4,0,0,1,67,4,1,0,0,0,80.75,0,0
347,2,0,2,0,0,0,1,0,3,1,0,0,0,109.0,0,0
348,2,0,2,2,1,0,1,229,10,1,0,0,0,89.25,0,1
349,3,0,0,2,1,0,4,53,5,1,0,0,0,159.3,3,0
350,2,0,0,4,1,0,1,63,11,1,0,0,0,93.6,1,0
351,2,0,0,1,0,0,1,181,7,1,0,0,0,85.5,1,1
352,1,0,0,3,2,0,1,150,6,1,0,0,0,70.0,0,1
353,1,0,0,2,1,0,1,45,3,1,0,0,0,71.1,0,1
354,2,1,0,1,1,0,1,0,7,1,0,0,0,159.0,0,0
355,2,0,1,2,1,0,1,273,5,0,0,0,0,95.0,0,1
356,2,0,1,3,1,0,4,290,12,1,0,0,0,86.7,0,1
357,1,0,0,1,1,0,1,55,7,2,0,0,0,79.0,0,0
358,2,0,2,8,0,0,1,7,12,1,0,0,0,74.8,1,0
359,2,0,1,4,2,0,1,197,12,0,0,0,0,113.4,0,0
360,2,0,0,5,2,0,1,1,4,0,0,0,0,120.0,0,0
361,2,0,2,0,1,0,4,29,9,1,0,0,0,130.15,1,1
362,2,0,2,3,1,0,1,131,4,1,0,0,0,82.79,2,0
363,1,0,1,2,1,0,1,219,9,0,0,0,0,76.67,1,0
364,1,0,0,2,1,0,1,0,3,2,1,1,6,65.0,0,0
365,3,0,1,1,1,0,1,105,12,1,0,0,0,95.37,1,0
366,2,0,1,0,1,0,1,263,9,0,0,0,0,67.0,0,0
367,2,0,0,1,1,1,4,41,1,1,0,0,0,93.45,1,0
368,1,0,0,1,1,0,4,6,5,2,0,0,0,110.0,0,0
369,2,0,0,1,1,0,1,43,9,1,0,0,0,135.9,2,0
370,2,0,1,2,0,0,1,36,3,1,0,0,0,71.1,1,0
371,2,0,0,2,2,0,1,28,1,0,0,0,0,97.0,0,0
372,2,0,2,2,1,0,4,4,11,1,0,0,0,75.51,0,0
373,2,1,2,4,1,0,1,47,8,1,0,0,0,129.99,1,0
374,2,0,1,3,1,0,4,25,7,1,0,0,0,166.0,1,0
375,2,0,1,2,1,0,1,2,8,1,0,0,0,100.67,2,0
376,2,1,0,2,1,0,4,50,7,1,0,0,0,157.9,2,0
377,2,0,1,2,1,0,1,305,11,0,0,0,0,89.0,0,1
378,2,0,0,3,1,0,4,50,5,1,0,0,0,140.4,1,0
379,2,0,2,5,1,0,4,56,5,1,0,0,0,132.6,0,1
380,2,1,2,1,1,0,1,63,7,1,0,0,0,121.5,2,0
381,2,0,0,4,1,0,1,39,11,1,0,0,0,90.95,0,0
382,2,0,0,1,0,0,1,6,6,1,0,0,0,139.0,1,1
383,1,0,0,2,1,0,1,188,6,0,0,0,0,130.0,0,1
384,2,0,2,1,1,0,4,80,11,1,0,0,0,65.45,1,0
385,1,0,0,2,1,0,1,14,10,0,0,0,0,100.0,0,0
386,1,0,1,3,1,0,1,15,6,1,0,0,0,125.0,1,0
387,2,0,1,2,0,0,1,160,7,1,0,0,0,94.5,0,1
388,2,0,1,3,1,0,1,12,10,2,0,0,0,100.0,0,0
389,2,0,2,2,1,0,2,39,1,1,0,0,0,91.13,0,0
390,2,0,2,3,1,0,1,244,10,1,0,0,0,85.85,0,1
391,1,0,2,4,1,0,1,69,6,0,0,0,0,120.0,0,1
392,1,0,2,0,1,0,1,95,11,1,0,0,0,90.0,2,1
393,2,0,2,1,2,0,1,23,1,0,0,0,0,109.0,0,0
394,1,0,2,2,1,0,1,209,11,1,0,0,0,152.1,1,1
395,2,0,0,3,1,0,1,8,12,0,0,0,0,58.0,1,0
396,1,0,1,3,1,0,4,153,9,1,0,0,0,123.11,1,1
397,2,0,0,2,0,0,1,53,12,1,0,0,0,81.0,1,0
398,1,0,0,2,1,0,1,103,4,0,0,0,0,115.0,0,1
399,3,0,1,1,1,0,4,35,4,1,0,0,0,137.7,2,0
400,2,0,0,1,1,0,1,31,5,0,0,0,0,78.0,3,0
401,2,0,1,2,1,0,1,338,10,0,0,0,0,90.67,1,0
402,2,0,2,2,1,0,4,65,7,1,0,0,0,125.1,1,0
403,2,0,1,5,1,0,1,41,12,0,0,0,0,58.5,0,0
404,2,0,2,1,1,0,4,172,8,0,0,0,0,82.45,1,0
405,2,0,0,0,1,0,1,16,2,1,0,0,0,0.0,0,0
406,2,0,2,3,1,0,1,276,5,0,0,0,0,61.0,0,1
407,1,0,1,0,1,0,1,9,9,0,0,0,0,90.0,0,1
408,2,0,0,2,2,0,1,377,10,1,0,0,0,115.0,1,1
409,2,0,0,2,1,0,1,245,10,1,0,0,0,96.3,0,1
410,1,0,0,1,1,0,1,81,6,1,0,0,0,90.9,0,1
411,1,0,1,4,1,0,1,87,3,1,0,0,0,53.67,1,0
412,2,0,1,1,1,0,1,7,9,1,0,0,0,126.0,2,0
413,2,0,1,4,1,0,1,275,10,1,0,0,0,90.0,0,1
414,2,0,1,3,1,0,1,52,12,1,0,0,0,88.4,2,0
415,2,0,2,3,1,0,1,218,8,1,0,0,0,90.95,1,1
416,1,0,0,3,0,0,1,15,5,1,0,0,0,109.0,1,0
417,2,0,0,1,1,0,1,8,11,0,0,0,0,130.0,0,0
418,3,0,2,4,1,0,4,31,6,1,0,0,0,112.14,3,0
419,3,0,2,3,1,0,4,36,7,1,0,0,0,150.3,0,1
420,2,0,2,1,1,0,4,61,11,0,0,0,0,60.0,0,0
421,2,0,0,1,1,0,1,221,8,0,0,0,0,80.0,0,1
422,2,0,0,4,1,0,1,19,12,0,0,0,0,58.0,1,0
423,2,0,2,3,1,0,1,50,10,1,0,0,0,94.5,1,0
424,1,0,0,1,1,0,1,12,10,1,0,0,0,126.1,0,0
425,2,0,1,2,1,0,1,193,6,0,0,0,0,120.0,0,1
426,2,0,0,3,1,0,1,23,6,1,0,0,0,127.67,0,1
427,1,0,0,3,1,0,1,1,1,2,1,0,1,66.0,0,0
428,2,0,0,1,0,0,1,0,8,1,0,0,0,92.98,0,0
429,2,0,2,3,1,0,4,92,12,0,0,0,0,60.0,1,0
430,2,1,0,4,1,0,4,11,12,1,0,0,0,113.2,0,0
431,2,0,0,3,1,0,1,70,6,1,0,0,0,126.9,0,0
432,2,1,2,2,1,0,1,35,6,1,0,0,0,125.1,1,0
433,3,0,2,5,1,0,4,88,12,1,0,0,0,119.0,1,0
434,2,0,0,2,2,0,1,320,8,0,0,0,0,115.0,1,1
435,2,0,0,2,0,0,1,20,11,1,0,0,0,185.0,1,0
436,2,0,0,3,1,0,1,213,6,0,0,0,0,130.0,0,1
437,1,0,1,0,1,0,1,4,9,1,0,0,0,110.11,1,0
438,1,0,1,0,1,0,1,6,2,1,1,3,1,86.0,0,0
439,2,0,2,3,1,0,1,276,5,1,0,0,0,61.0,0,1
440,2,0,0,3,2,0,1,85,9,0,0,0,0,125.0,0,0
441,2,0,1,3,1,0,1,56,5,0,0,0,0,85.5,0,0
442,2,0,0,1,1,0,4,11,11,1,0,0,0,140.0,1,1
443,2,1,0,3,1,0,1,86,12,1,0,0,0,122.0,0,1
444,2,0,0,3,1,0,1,103,5,0,0,0,0,80.0,0,0
445,3,0,2,3,1,0,1,166,7,1,0,0,0,121.55,0,1
446,2,0,2,1,2,0,1,103,7,0,0,0,0,94.5,0,1
447,2,0,0,1,0,0,1,31,5,1,0,0,0,89.4,2,0
448,2,2,2,1,1,1,6,217,8,1,0,0,0,177.3,1,1
449,2,0,2,2,1,0,1,160,5,1,0,0,0,99.45,1,0
450,2,0,0,2,0,0,1,4,9,1,0,0,0,73.92,1,0
451,1,0,0,2,1,0,1,46,3,1,0,0,0,82.9,1,0
452,2,0,0,1,1,0,1,12,1,1,0,0,0,69.6,0,0
453,2,0,1,1,1,0,1,3,8,1,0,0,0,180.0,1,0
454,2,0,0,5,0,0,1,171,8,1,0,0,0,89.25,0,1
455,2,0,1,5,1,1,4,133,5,1,0,0,0,127.15,1,0
456,1,0,2,0,1,0,1,2,9,2,0,0,0,65.0,0,1
457,1,0,0,0,1,0,1,5,12,4,0,0,0,0.0,0,0
458,2,0,0,3,1,1,1,22,10,1,0,0,0,139.0,1,0
459,1,0,1,2,1,0,1,180,10,0,0,0,0,120.0,1,1
460,2,0,0,3,1,0,1,61,12,1,0,0,0,93.6,1,0
461,2,0,0,3,1,0,1,108,4,1,0,0,0,90.3,0,0
462,2,0,0,2,1,0,1,122,4,0,0,0,0,85.0,0,0
463,1,0,0,3,2,0,1,88,5,0,0,0,0,96.0,0,0
464,2,0,0,3,0,0,1,48,3,1,0,0,0,73.1,1,1
465,1,0,0,1,1,0,1,16,3,2,0,0,0,75.0,0,0
466,2,0,1,0,1,0,5,0,11,4,0,0,0,0.0,0,0
467,1,0,1,0,1,0,1,6,10,2,0,0,0,89.0,0,0
468,1,0,2,3,1,0,1,6,9,1,0,0,0,137.0,0,1
469,1,0,1,4,0,0,1,42,10,1,0,0,0,73.15,1,0
470,2,0,1,2,1,0,1,6,12,1,0,0,0,87.0,0,0
471,3,0,0,2,1,0,4,57,12,1,0,0,0,126.0,2,0
472,2,0,2,2,0,0,1,13,11,1,0,0,0,77.14,1,1
473,2,0,0,2,1,0,1,1,4,1,0,0,0,67.76,1,0
474,2,0,0,3,1,0,4,130,9,1,0,0,0,139.5,2,1
475,2,0,0,1,1,0,1,7,4,0,0,0,0,90.0,0,0
476,2,0,0,2,0,0,1,80,11,1,0,0,0,63.36,0,1
477,2,0,0,2,1,0,1,245,6,0,0,0,0,75.0,0,1
478,2,0,0,4,0,0,1,99,12,1,0,0,0,74.8,1,0
479,2,0,0,2,1,1,1,25,8,1,0,0,0,160.0,1,0
480,2,0,2,3,1,0,1,182,10,1,0,0,0,70.44,2,0
481,1,0,0,2,1,0,1,32,11,1,0,0,0,0.0,0,0
482,1,0,1,0,1,0,1,60,4,2,0,0,0,65.0,0,0
483,2,0,1,5,1,0,1,69,8,1,0,0,0,135.9,1,0
484,1,0,1,1,1,0,1,5,10,2,0,0,0,80.0,0,0
485,2,0,2,2,1,0,1,25,3,1,0,0,0,96.0,1,0
486,2,0,2,3,0,0,1,19,2,1,0,0,0,55.32,0,0
487,2,0,2,1,1,1,1,180,9,1,0,0,0,135.9,1,1
488,2,0,2,1,1,0,1,22,12,1,0,0,0,59.09,0,0
489,2,0,0,2,0,0,1,142,7,1,0,0,0,85.5,1,0
490,2,0,2,1,0,0,1,26,10,1,0,0,0,133.0,0,0
491,1,0,0,3,1,0,1,12,10,1,0,0,0,130.0,2,0
492,2,0,0,1,0,0,1,135,12,1,0,0,0,79.2,2,1
493,3,0,0,3,1,0,4,34,10,1,0,0,0,176.4,2,0
494,2,0,1,0,0,0,1,10,3,1,0,0,0,97.0,0,1
495,2,0,1,5,2,0,1,94,3,0,0,0,0,110.75,1,0
496,2,0,1,3,0,0,1,217,9,1,0,0,0,101.15,0,1
497,1,0,1,0,1,0,1,6,11,1,0,0,0,197.0,0,0
498,2,0,1,4,1,0,2,36,10,1,0,0,0,81.62,1,0
499,2,1,1,1,1,0,1,152,7,1,0,0,0,119.0,2,1
500,2,0,2,3,1,0,4,67,9,1,0,0,0,119.16,0,1
501,2,1,2,2,1,0,1,35,4,1,0,0,0,104.3,2,0
502,2,0,1,2,0,0,1,97,4,1,0,0,0,85.5,0,0
503,2,0,2,4,0,0,1,5,11,1,0,0,0,106.21,2,0
504,3,0,1,2,0,0,1,14,9,1,0,0,0,100.87,1,0
505,2,0,0,2,2,0,1,377,10,0,0,0,0,115.0,1,1
506,1,0,1,0,1,0,1,76,10,0,0,0,0,120.0,0,1
507,1,0,0,2,2,0,1,74,9,0,0,0,0,80.0,0,0
508,1,0,2,2,1,0,1,163,6,0,0,0,0,100.0,0,1
509,3,0,1,2,1,0,1,49,3,1,0,0,0,112.8,1,0
510,2,0,0,4,1,0,1,75,4,1,0,0,0,88.83,0,0
511,1,0,2,3,1,0,1,4,9,4,0,0,0,0.0,0,0
512,2,0,1,0,1,0,1,0,12,2,1,0,1,77.0,2,0
513,2,0,0,2,1,0,1,21,3,1,0,0,0,104.05,0,0
514,2,0,0,1,1,0,1,7,6,1,0,0,0,91.0,1,1
515,2,0,0,2,2,0,1,265,6,0,0,0,0,115.0,1,1
516,2,0,1,4,1,1,1,5,3,1,0,0,0,128.0,1,0
517,2,0,1,1,1,0,4,44,6,0,0,0,0,96.3,0,0
518,3,0,0,4,1,0,4,116,7,1,0,0,0,138.55,2,0
519,2,0,1,1,1,0,1,0,10,1,0,0,0,117.04,0,0
520,2,0,0,1,1,0,1,1,10,2,0,0,0,96.0,0,0
521,1,0,1,3,2,0,4,28,10,1,0,0,0,205.0,1,0
522,2,0,2,7,2,0,1,42,9,0,0,0,0,79.64,0,0
523,3,0,1,2,1,0,4,83,11,1,0,0,0,122.4,2,0
524,2,0,0,3,1,0,1,27,5,1,0,0,0,141.0,0,1
525,2,0,0,2,1,0,1,46,1,1,0,0,0,80.3,1,0
526,2,0,2,2,1,0,1,60,11,0,0,0,0,75.0,0,0
527,1,0,2,2,1,0,4,1,6,1,0,0,0,131.0,1,0
528,2,0,2,1,1,0,4,128,4,1,0,0,0,117.0,2,1
529,2,0,0,2,1,0,4,54,9,1,0,0,0,123.3,1,1
530,2,1,1,0,1,0,1,3,8,1,0,0,0,90.0,3,0
531,2,1,2,2,1,0,1,30,12,1,0,0,0,84.32,0,1
532,2,0,2,0,1,0,1,10,8,1,0,0,0,157.0,1,0
533,2,0,2,2,1,0,1,11,10,0,0,0,0,88.5,0,0
534,2,0,0,3,0,0,1,98,12,1,0,0,0,79.2,2,0
535,1,0,1,1,1,0,1,82,5,0,0,0,0,80.0,1,0
536,2,0,0,2,0,0,1,9,2,1,0,0,0,81.0,0,0
537,2,0,0,3,1,0,1,103,3,0,0,0,0,61.5,2,0
538,2,0,2,1,0,0,1,55,11,1,0,0,0,71.28,0,1
539,2,0,0,3,1,0,1,96,12,0,0,0,0,70.0,0,0
540,2,0,1,0,0,0,1,49,7,1,0,0,0,93.15,0,1
541,1,0,0,1,1,0,1,1,8,2,0,0,0,65.0,0,0
542,3,0,2,2,1,0,4,71,9,1,0,0,0,168.3,2,0
543,2,0,1,2,1,0,1,280,9,0,0,0,0,110.0,0,1
544,2,0,0,1,1,1,1,4,11,1,0,0,0,120.0,2,0
545,2,0,0,2,1,0,4,32,9,1,0,0,0,154.0,1,1
546,1,0,0,1,1,0,1,14,10,0,0,0,0,100.0,0,0
547,1,0,1,2,1,0,1,180,10,0,0,0,0,120.0,0,1
548,2,0,0,1,1,0,1,14,12,1,0,0,0,138.0,1,0
549,2,0,1,3,1,0,1,28,10,1,0,0,0,133.75,1,0
550,2,1,1,3,1,0,4,3,2,1,0,0,0,106.0,2,0
551,1,0,6,13,1,0,1,5,10,2,0,0,0,95.0,1,1
552,3,0,2,1,2,0,1,106,8,0,0,0,0,141.9,0,0
553,2,0,0,3,1,0,1,160,12,0,0,0,0,70.0,0,0
554,2,0,0,3,0,0,1,66,11,1,0,0,0,106.5,1,0
555,1,0,0,1,1,0,1,361,11,1,1,1,0,91.0,0,1
556,2,1,2,3,1,0,1,15,3,1,0,0,0,116.2,2,0
557,2,0,1,3,1,0,1,21,8,1,0,0,0,124.25,2,0
558,2,0,1,0,0,0,1,180,11,1,0,0,0,54.75,2,0
559,2,0,0,4,1,0,4,78,4,1,0,0,0,97.33,0,1
560,2,1,0,3,1,0,1,36,9,1,0,0,0,99.68,0,0
561,2,0,1,2,1,0,1,30,2,1,0,0,0,63.21,1,0
562,2,0,1,2,1,0,1,51,8,1,0,0,0,109.8,1,1
563,3,0,0,4,1,0,4,71,12,1,0,0,0,128.0,0,0
564,1,0,0,1,1,0,1,2,3,0,0,0,0,55.0,0,0
565,2,0,0,4,1,0,1,64,11,1,0,0,0,93.6,2,0
566,2,0,2,1,1,0,4,27,6,1,0,0,0,107.1,0,1
567,1,0,0,1,1,0,1,13,11,2,0,0,0,65.0,0,0
568,2,2,0,1,1,0,6,33,7,1,0,0,0,207.9,1,0
569,2,0,0,3,1,0,4,41,2,1,0,0,0,82.45,0,1
570,2,0,0,3,1,0,4,6,3,1,0,0,0,116.0,0,1
571,2,0,2,1,1,0,1,11,10,1,0,0,0,140.0,2,0
572,1,0,0,1,1,0,1,1,4,3,0,0,0,95.0,0,1
573,1,0,0,2,1,0,1,32,11,0,0,0,0,73.0,0,0
574,2,0,0,3,1,0,1,279,10,0,0,0,0,110.0,0,1
575,1,0,1,0,1,0,1,19,11,2,0,0,0,65.0,0,0
576,2,0,0,2,1,0,1,86,9,0,0,0,0,105.0,0,0
577,2,0,1,3,1,0,4,290,12,1,0,0,0,86.7,0,1
578,2,0,0,4,1,0,1,30,7,1,0,0,0,135.9,1,1
579,1,0,0,2,1,0,1,1,12,1,0,0,0,88.0,1,0
580,2,0,1,5,1,0,4,60,9,1,0,0,0,132.45,1,1
581,1,0,0,1,1,0,1,5,8,2,0,0,0,65.0,1,0
582,3,0,1,1,1,0,4,59,9,1,0,0,0,168.3,0,1
583,1,0,2,5,1,0,1,180,8,1,0,0,0,49.74,0,1
584,1,0,1,2,1,0,1,33,11,1,0,0,0,197.0,2,0
585,2,1,0,1,1,0,4,1,6,1,0,0,0,139.0,2,0
586,3,0,2,2,1,0,4,76,7,1,0,0,0,142.2,0,0
587,2,0,1,2,1,0,1,193,6,1,0,0,0,120.0,0,1
588,2,0,0,2,1,0,4,2,4,1,0,0,0,146.0,1,0
589,2,0,0,4,0,0,1,47,12,1,0,0,0,74.8,1,0
590,1,0,0,1,0,0,1,1,8,1,0,0,0,81.19,0,0
591,1,0,1,2,1,0,1,219,9,0,0,0,0,76.67,0,0
592,2,0,0,2,1,0,4,7,12,1,0,0,0,125.8,0,0
593,1,0,0,1,1,0,1,0,8,1,0,0,0,99.0,0,0
594,1,0,2,3,1,0,1,115,2,0,0,0,0,76.0,0,0
595,1,0,0,1,1,0,1,99,2,2,0,0,0,81.0,0,0
596,2,0,2,1,0,0,1,167,10,1,0,0,0,98.1,0,1
597,2,0,2,2,1,0,1,11,10,0,0,0,0,88.5,0,0
598,3,0,2,2,1,0,4,8,5,1,0,0,0,176.34,3,0
599,2,0,2,6,0,0,1,106,7,1,0,0,0,94.5,0,1
600,1,0,2,0,1,0,1,12,5,1,0,0,0,97.02,1,0
601,2,0,0,1,1,0,1,43,10,0,0,0,0,85.0,0,0
602,3,0,1,2,1,0,4,201,10,1,0,0,0,142.56,2,1
603,2,0,0,2,1,0,4,16,7,1,0,0,0,166.0,2,0
604,2,0,2,3,0,0,1,53,3,1,0,0,0,65.75,0,0
605,2,1,1,3,1,0,4,56,3,0,0,0,0,103.28,1,0
606,2,0,2,1,1,0,1,14,12,1,0,0,0,93.67,1,0
607,2,0,1,0,0,0,1,5,5,1,0,0,0,89.0,1,0
608,2,0,2,0,0,0,1,11,10,1,0,0,0,135.0,2,0
609,2,0,1,3,1,0,1,212,5,1,0,0,0,84.31,0,1
610,2,0,0,3,1,0,1,304,11,0,0,0,0,89.0,0,1
611,2,0,1,3,1,0,1,24,6,1,0,0,0,107.1,1,0
612,1,0,1,1,1,0,1,4,9,0,0,0,0,98.1,0,1
613,1,0,0,2,1,0,1,5,5,2,0,0,0,100.0,0,0
614,2,0,1,4,1,0,4,146,10,1,0,0,0,132.3,2,1
615,2,0,1,3,1,0,1,322,5,0,0,0,0,80.0,0,1
616,2,0,2,1,1,0,1,12,9,1,0,0,0,95.48,1,0
617,2,2,0,2,1,1,6,13,8,1,0,0,0,225.0,0,1
618,2,0,0,3,1,0,1,73,3,1,0,0,0,84.3,1,1
619,1,0,2,4,1,0,1,80,9,0,0,0,0,85.0,0,0
620,1,0,0,2,1,0,1,36,1,0,0,0,0,80.0,0,0
621,2,0,0,3,1,0,4,75,3,1,0,0,0,114.3,1,0
622,2,0,1,3,1,0,4,9,9,0,0,0,0,63.75,0,0
623,2,0,0,3,1,0,1,5,1,0,0,0,0,66.0,0,0
624,2,2,2,1,1,0,6,2,10,1,0,0,0,196.0,3,0
625,2,0,0,1,0,0,1,29,9,1,0,0,0,139.0,2,0
626,2,0,1,2,1,0,5,32,9,1,0,0,0,116.64,0,0
627,2,0,0,2,1,0,1,175,7,1,0,0,0,96.3,1,0
628,1,0,0,3,1,0,1,113,5,2,0,0,0,100.0,0,1
629,2,0,1,1,1,0,1,52,7,1,0,0,0,117.9,0,1
630,2,0,0,2,1,0,4,1,3,4,1,0,1,0.0,1,0
631,2,0,0,2,2,0,1,265,6,0,0,0,0,115.0,1,1
632,2,0,0,3,1,0,1,80,11,0,0,0,0,68.0,1,0
633,3,0,0,3,1,0,4,55,3,1,0,0,0,123.3,2,0
634,1,0,0,3,1,0,1,276,9,0,0,0,0,95.67,0,0
635,2,0,0,4,1,0,1,3,10,0,0,0,0,70.0,0,0
636,2,0,0,2,1,0,1,52,2,1,0,0,0,78.3,1,1
637,2,0,1,3,1,0,1,285,10,0,0,0,0,100.0,0,1
638,2,0,0,4,1,0,1,98,5,0,0,0,0,95.0,1,0
639,3,0,0,2,1,0,1,24,7,1,0,0,0,100.0,0,1
640,2,0,1,2,1,0,1,4,1,0,0,0,0,66.0,0,0
641,2,1,2,4,1,0,1,76,10,1,0,0,0,135.0,1,1
642,2,0,1,2,1,0,4,56,11,0,0,0,0,60.0,1,0
643,2,0,0,4,1,0,1,159,12,0,0,0,0,70.5,0,0
644,2,0,2,1,1,0,1,180,10,1,0,0,0,108.9,0,1
645,2,0,2,6,1,0,1,106,7,0,0,0,0,72.25,2,0
646,2,0,2,2,1,0,1,125,8,1,0,0,0,105.3,3,0
647,2,0,0,2,1,0,4,7,9,1,0,0,0,184.0,0,1
648,1,0,0,1,2,0,1,221,8,0,0,0,0,73.0,0,0
649,2,0,2,7,1,0,4,8,3,1,0,0,0,158.22,0,1
650,1,0,0,2,1,0,1,42,11,0,0,0,0,67.5,0,0
651,2,0,0,2,0,0,1,39,5,1,0,0,0,116.1,0,1
652,1,0,0,2,2,0,1,256,6,0,0,0,0,90.0,0,0
653,2,1,2,5,1,0,1,40,8,1,0,0,0,127.16,0,0
654,2,0,1,4,1,0,4,40,3,1,0,0,0,98.82,0,0
655,2,0,1,1,0,0,1,268,10,1,0,0,0,95.4,0,1
656,1,0,0,1,1,0,1,6,6,2,1,0,4,65.0,1,0
657,2,0,0,1,0,0,1,17,2,1,0,0,0,81.0,0,0
658,2,0,2,2,1,0,1,60,9,1,0,0,0,135.9,1,1
659,1,0,0,2,1,0,1,164,10,0,0,0,0,100.0,0,0
660,2,1,0,2,1,0,4,9,9,1,0,0,0,201.5,2,0
661,2,0,1,2,2,0,1,418,9,0,0,0,0,107.0,0,1
662,2,0,1,3,1,0,1,322,5,0,0,0,0,80.0,0,1
663,2,0,0,2,1,0,1,30,6,0,0,0,0,140.0,0,0
664,2,1,0,1,1,0,1,10,8,1,0,0,0,90.0,2,0
665,2,0,0,3,1,0,4,68,10,1,0,0,0,132.3,2,0
666,2,0,0,4,1,0,1,36,5,1,0,0,0,126.9,1,0
667,1,0,2,1,1,0,1,1,2,0,0,0,0,60.0,0,1
668,1,0,1,4,1,0,4,143,9,1,0,0,0,143.1,1,1
669,2,2,0,1,1,0,6,66,8,1,0,0,0,207.9,1,0
670,1,0,0,1,1,0,4,1,1,0,1,0,5,46.0,0,0
671,2,0,0,3,0,0,1,34,4,1,0,0,0,100.5,0,1
672,3,0,0,1,1,0,4,33,3,1,0,0,0,117.3,1,0
673,1,0,2,3,1,0,1,60,9,1,0,0,0,80.75,0,0
674,2,0,2,5,1,0,1,5,8,1,0,0,0,110.71,1,0
675,2,0,0,2,1,0,1,163,8,1,0,0,0,96.3,0,1
676,2,0,1,3,0,0,1,147,8,1,0,0,0,97.75,0,1
677,2,0,1,3,1,0,1,210,10,0,0,0,0,72.75,0,0
678,3,0,0,1,1,0,1,67,5,1,0,0,0,159.3,0,1
679,2,0,2,3,1,0,1,92,7,1,0,0,0,58.9,1,0
680,1,0,0,1,1,0,1,177,7,1,0,0,0,99.9,0,1
681,1,0,2,1,1,0,1,100,12,1,0,0,0,63.75,2,0
682,2,0,0,4,1,0,4,166,6,1,0,0,0,99.45,0,1
683,3,0,0,3,1,0,1,8,2,1,0,0,0,127.0,0,1
684,2,0,1,0,0,0,1,1,12,1,0,0,0,88.0,1,0
685,1,0,0,1,0,0,1,2,6,1,0,0,0,127.0,0,0
686,2,0,2,3,1,0,1,158,8,1,0,0,0,90.95,0,1
687,2,0,2,1,1,0,1,1,1,1,0,0,0,71.84,0,0
688,1,0,0,3,1,0,1,71,6,0,0,0,0,120.0,0,0
689,2,0,0,2,0,0,1,1,10,1,0,0,0,149.0,1,0
690,2,0,1,3,0,0,1,64,6,1,0,0,0,68.61,1,0
691,2,0,2,5,1,0,1,96,8,1,0,0,0,76.5,0,1
692,3,0,1,2,1,0,4,12,4,1,0,0,0,163.67,1,0
693,1,0,0,1,1,0,1,115,7,1,0,0,0,99.9,1,0
694,2,2,0,1,1,0,6,22,12,1,0,0,0,174.0,1,0
695,2,0,0,4,1,1,2,215,7,1,0,0,0,91.13,1,1
696,3,0,0,2,2,1,4,40,8,1,0,0,0,228.6,2,0
697,2,0,0,3,0,0,1,18,1,1,0,0,0,77.0,1,0
698,2,0,2,1,0,0,1,115,10,1,0,0,0,98.7,0,0
699,2,0,1,3,1,0,1,22,9,1,0,0,0,119.25,3,0
700,2,0,0,4,0,0,1,25,11,1,0,0,0,85.0,1,0
701,2,0,0,3,1,0,4,130,9,1,0,0,0,139.5,2,1
702,2,0,0,1,0,0,1,85,8,1,0,0,0,107.1,0,1
703,2,0,1,2,1,0,4,9,2,0,0,0,0,48.67,0,0
704,3,0,0,2,1,0,1,46,11,0,0,0,0,105.0,0,0
705,2,1,4,5,1,0,4,123,7,1,0,0,0,112.24,1,0
706,1,0,0,3,1,0,1,71,6,0,0,0,0,120.0,0,0
707,2,2,0,1,1,0,6,142,8,1,0,0,0,168.3,2,1
708,2,0,0,1,0,0,1,17,3,1,0,0,0,97.0,0,0
709,2,0,1,1,0,0,1,151,8,1,0,0,0,103.5,0,1
710,2,0,0,4,1,0,1,270,4,0,0,0,0,62.8,0,1
711,2,0,0,4,1,0,1,61,5,1,0,0,0,92.28,0,1
712,2,0,0,2,2,0,1,0,8,0,0,0,0,109.0,0,0
713,3,2,0,2,1,0,2,137,8,1,0,0,0,93.7,1,0
714,2,0,1,2,1,0,1,11,2,0,0,0,0,87.0,0,0
715,2,0,1,4,1,0,1,3,12,1,0,0,0,82.88,0,0
716,2,0,1,1,1,0,1,26,11,1,0,0,0,104.0,1,1
717,2,0,0,3,1,0,1,24,3,0,0,0,0,74.8,0,0
718,2,0,0,3,1,0,1,44,2,0,0,0,0,75.0,0,0
719,2,0,2,0,0,0,1,101,5,1,0,0,0,103.5,1,0
720,2,0,1,2,1,0,4,63,9,1,0,0,0,149.4,2,0
721,1,0,0,2,1,0,1,192,6,0,0,0,0,95.0,0,0
722,1,0,0,2,1,0,1,6,9,2,0,0,0,65.0,0,0
723,2,0,0,3,0,0,1,122,6,1,0,0,0,116.1,2,0
724,2,0,1,2,1,0,1,305,11,1,0,0,0,89.0,0,1
725,2,0,2,2,1,0,4,77,4,1,0,0,0,107.95,0,1
726,1,0,2,1,2,0,1,4,8,0,0,0,0,36.25,0,0
727,2,0,0,3,1,0,1,92,11,0,0,0,0,49.07,1,0
728,2,0,0,1,0,0,1,109,7,1,0,0,0,94.5,1,1
729,2,0,0,2,1,0,1,15,7,0,0,0,0,118.15,2,0
730,3,0,1,3,2,0,4,151,12,1,0,0,0,164.05,2,0
731,1,0,1,2,1,0,5,206,9,2,0,0,0,106.0,0,1
732,2,0,0,1,1,0,1,90,8,1,0,0,0,135.9,0,1
733,1,0,0,1,1,0,1,0,12,2,0,0,0,65.0,0,0
734,2,0,0,4,0,0,1,15,9,0,0,0,0,58.35,1,0
735,2,0,0,3,0,0,1,8,11,1,0,0,0,116.67,1,0
736,2,0,0,3,1,0,1,37,10,0,0,0,0,105.0,0,0
737,2,0,1,1,1,0,1,65,6,1,0,0,0,126.9,0,1
738,3,0,1,0,1,0,4,28,5,1,0,0,0,157.0,2,0
739,2,0,2,1,0,0,2,208,9,1,0,0,0,116.1,0,1
740,2,0,1,3,1,0,1,82,9,0,0,0,0,95.0,0,1
741,2,0,1,2,1,0,4,12,9,1,0,0,0,154.0,0,1
742,2,0,1,3,2,0,1,62,7,0,0,0,0,104.0,0,0
743,2,0,0,3,1,0,1,143,8,0,0,0,0,100.0,0,0
744,2,0,2,1,1,0,1,17,10,1,0,0,0,106.77,1,0
745,1,0,0,3,1,0,4,19,5,1,0,0,0,120.12,2,0
746,3,0,0,4,1,0,4,73,7,1,0,0,0,149.4,0,1
747,2,0,1,0,1,0,1,258,10,1,0,0,0,110.0,0,1
748,1,0,2,2,1,0,1,147,7,1,0,0,0,89.25,0,0
749,1,0,0,4,1,0,1,37,12,1,0,0,0,74.8,1,0
750,1,0,0,2,2,0,1,6,12,1,0,0,0,0.0,0,0
751,2,0,1,0,0,0,1,46,5,1,0,0,0,116.1,0,0
752,2,1,2,2,1,0,1,87,8,1,0,0,0,134.1,0,1
753,1,0,0,2,1,0,1,0,2,1,0,0,0,85.0,0,1
754,3,0,0,1,1,0,4,102,5,1,0,0,0,159.3,1,0
755,2,0,0,4,1,0,1,21,11,1,0,0,0,102.0,1,0
756,2,0,0,1,1,0,1,0,3,1,0,0,0,101.0,0,0
757,1,0,2,3,1,0,4,2,2,1,0,0,0,110.6,1,0
758,2,0,2,3,1,0,1,276,5,0,0,0,0,61.0,0,1
759,2,0,1,3,1,0,4,53,10,1,0,0,0,122.0,4,0
760,2,0,2,4,1,0,4,56,3,1,0,0,0,101.72,1,0
761,1,0,0,2,2,0,1,346,9,0,0,0,0,90.0,0,1
762,2,0,1,3,1,0,1,250,9,0,0,0,0,95.0,0,1
763,2,0,1,2,1,0,1,135,9,0,0,0,0,90.0,0,0
764,1,0,1,2,1,0,1,180,10,0,0,0,0,120.0,0,1
765,2,0,2,0,1,0,1,67,3,1,0,0,0,78.3,0,0
766,1,0,0,3,1,0,1,71,6,0,0,0,0,120.0,0,0
767,2,0,1,0,1,0,1,69,10,1,0,0,0,68.72,1,0
768,2,0,0,3,1,0,4,74,9,1,0,0,0,124.04,1,0
769,1,0,1,0,1,0,1,4,9,0,0,0,0,98.1,0,1
770,1,0,2,1,1,0,1,1,10,1,0,0,0,154.0,1,0
771,2,0,0,2,0,0,1,87,6,0,0,0,0,72.25,0,0
772,2,0,0,1,0,0,1,71,6,1,0,0,0,116.1,0,1
773,2,1,0,3,1,0,1,42,3,0,0,0,0,76.05,1,0
774,2,0,0,1,1,0,1,105,4,0,0,0,0,75.0,0,1
775,2,0,1,1,1,0,1,33,1,2,0,0,0,64.0,0,0
776,2,0,1,1,1,0,4,18,5,1,0,0,0,158.0,3,0
777,1,0,1,1,1,0,4,17,9,1,0,0,0,114.73,1,0
778,2,0,2,2,1,0,1,153,7,1,0,0,0,108.45,1,1
779,2,0,2,2,1,0,7,16,5,1,0,0,0,194.58,2,0
780,1,0,1,2,2,0,4,68,8,1,0,0,0,183.6,0,1
781,2,0,1,0,0,0,1,65,10,1,0,0,0,72.09,1,1
782,2,0,0,2,1,0,1,56,11,1,0,0,0,97.2,0,0
783,2,0,0,2,1,0,1,35,12,1,0,0,0,93.6,0,1
784,2,0,0,3,1,0,1,103,5,0,0,0,0,80.0,0,0
785,2,0,1,4,1,0,4,18,4,1,0,0,0,107.25,1,0
786,2,0,1,2,1,0,1,267,9,0,0,0,0,95.0,0,1
787,1,0,0,2,1,0,4,57,10,1,0,0,0,139.5,1,1
788,3,0,0,3,1,0,4,55,9,1,0,0,0,168.3,0,1
789,2,0,2,3,1,0,4,86,8,1,0,0,0,82.45,0,1
790,2,0,1,1,1,0,2,93,10,1,0,0,0,81.5,2,0
791,1,0,0,1,1,0,1,4,1,1,0,0,0,80.0,0,0
792,2,0,2,2,1,0,4,83,4,1,0,0,0,103.7,0,0
793,2,0,2,1,2,0,1,150,1,0,0,0,0,101.0,0,0
794,2,0,0,3,1,0,1,193,10,1,0,0,0,65.0,0,1
795,2,0,1,2,1,0,4,12,2,1,1,11,21,108.0,1,0
796,2,0,1,0,0,0,1,28,10,1,0,0,0,126.0,0,1
797,2,0,1,4,1,0,2,36,10,1,0,0,0,81.62,1,0
798,1,0,0,1,1,0,1,1,3,2,1,0,11,65.0,1,0
799,1,0,2,3,1,0,1,10,11,0,0,0,0,99.0,0,0